{"Count":5,"Scorerecords":[200.0,200.0,200.0,200.0,200.0],"Timerecords":[1.866411805152893,2.457559108734131,2.6058123111724855,2.8060898780822756,3.531641960144043]}