{"Count":5,"Scorerecords":[200.0,200.0,200.0,0.0,0.0],"Timerecords":[2.457559108734131,2.6058123111724855,2.8060898780822756,1.8981077671051026,2.437166452407837]}