{"Count":3,"Scorerecords":[200.0,200.0,0.0],"Timerecords":[2.457559108734131,2.6058123111724855,1.8981077671051026]}