{"Count":2,"Scorerecords":[200.0,0.0],"Timerecords":[2.9138071537017824,3.1546895503997804]}