{"Count":3,"Scorerecords":[200.0,0.0,200.0],"Timerecords":[2.686851739883423,1.9756474494934083,1.8994231224060059]}