{"Count":5,"Scorerecords":[3060.0,2900.0,200.0,200.0,200.0],"Timerecords":[108.70104217529297,122.1965560913086,1.866411805152893,2.457559108734131,2.6058123111724855]}